{
  "run_timestamp": "2025-10-03T06:47:14+00:00",
  "cv": {
    "scores": [
      0.235739824576725,
      0.2561544270417888,
      0.24281498613278174,
      0.2464363208678292,
      0.248559720636046
    ],
    "mean": 0.24594105585103415,
    "std": 0.0067119754941235826
  },
  "per_fold": {
    "fold_1": 0.235739824576725,
    "fold_2": 0.2561544270417888,
    "fold_3": 0.24281498613278174,
    "fold_4": 0.2464363208678292,
    "fold_5": 0.248559720636046
  },
  "oof_rmse": 0.24603290481747647,
  "optuna": {
    "best_trial_number": 5,
    "best_cv_value": 0.2447334202661575,
    "fold1_val_rmse": 0.23490472612862917
  },
  "best_params": {
    "num_leaves": 20,
    "learning_rate": 0.02014847788415866,
    "min_child_samples": 31
  }
}