{
  "run_timestamp": "2025-10-03T00:25:39+00:00",
  "cv": {
    "scores": [
      0.25725870143567614,
      0.27620536225428693,
      0.2652871593098902,
      0.265539029938105,
      0.264363785279267
    ],
    "mean": 0.2657308076434451,
    "std": 0.006059624255141895
  },
  "per_fold": {
    "fold_1": 0.25725870143567614,
    "fold_2": 0.27620536225428693,
    "fold_3": 0.2652871593098902,
    "fold_4": 0.265539029938105,
    "fold_5": 0.264363785279267
  },
  "oof_rmse": 0.2658013319582331,
  "optuna": {
    "best_trial_number": 22,
    "best_cv_value": 0.2662778405024428,
    "fold1_val_rmse": 0.2575096367030471
  },
  "best_params": {
    "num_leaves": 18,
    "learning_rate": 0.017336078690324108,
    "min_child_samples": 40
  }
}