{
  "run_timestamp": "2025-10-03T08:27:58+00:00",
  "cv": {
    "scores": [
      0.2360446214809925,
      0.25657576734696913,
      0.24363575576383434,
      0.24703608652972608,
      0.24755611695129226
    ],
    "mean": 0.24616966961456285,
    "std": 0.006631698177915311
  },
  "per_fold": {
    "fold_1": 0.2360446214809925,
    "fold_2": 0.25657576734696913,
    "fold_3": 0.24363575576383434,
    "fold_4": 0.24703608652972608,
    "fold_5": 0.24755611695129226
  },
  "oof_rmse": 0.24625941703343324,
  "optuna": {
    "best_trial_number": 11,
    "best_cv_value": 0.24459856825574747,
    "fold1_val_rmse": 0.23556538560852314
  },
  "best_params": {
    "num_leaves": 48,
    "learning_rate": 0.01036019040868135,
    "min_child_samples": 47
  }
}