{
  "run_timestamp": "2025-10-02T13:26:59+00:00",
  "cv": {
    "scores": [
      0.25803693480298173,
      0.276736048882158,
      0.2653158721819101,
      0.266489117100466,
      0.26450820790730795
    ],
    "mean": 0.2662172361749648,
    "std": 0.006022788477287822
  },
  "per_fold": {
    "fold_1": 0.25803693480298173,
    "fold_2": 0.276736048882158,
    "fold_3": 0.2653158721819101,
    "fold_4": 0.266489117100466,
    "fold_5": 0.26450820790730795
  },
  "oof_rmse": 0.2662870280204199,
  "optuna": {
    "best_trial_number": 5,
    "best_cv_value": 0.2666962852890166,
    "fold1_val_rmse": 0.25803693480298173
  },
  "best_params": {
    "num_leaves": 20,
    "learning_rate": 0.02014847788415866,
    "min_child_samples": 31
  }
}