{
  "run_timestamp": "2025-10-04T12:48:50+00:00",
  "cv": {
    "scores": [
      0.23801195257437743,
      0.2275830396865497,
      0.22932560996235196,
      0.22515583449551335,
      0.23741428314840177
    ],
    "mean": 0.23149814397343885,
    "std": 0.005247918451110366
  },
  "per_fold": {
    "fold_1": 0.23801195257437743,
    "fold_2": 0.2275830396865497,
    "fold_3": 0.22932560996235196,
    "fold_4": 0.22515583449551335,
    "fold_5": 0.23741428314840177
  },
  "oof_rmse": 0.2315596588159815,
  "optuna": {
    "best_trial_number": 25,
    "best_cv_value": 0.23093965136770292,
    "fold1_val_rmse": 0.2370834372371298
  },
  "best_params": {
    "num_leaves": 13,
    "learning_rate": 0.03798096977531534,
    "min_child_samples": 21
  }
}