{
  "run_timestamp": "2025-10-03T00:53:21+00:00",
  "cv": {
    "scores": [
      0.2569795695853051,
      0.27640819877843964,
      0.2643091924263823,
      0.26467516602949875,
      0.2640269677190968
    ],
    "mean": 0.2652798189077445,
    "std": 0.006254795509551642
  },
  "per_fold": {
    "fold_1": 0.2569795695853051,
    "fold_2": 0.27640819877843964,
    "fold_3": 0.2643091924263823,
    "fold_4": 0.26467516602949875,
    "fold_5": 0.2640269677190968
  },
  "oof_rmse": 0.26535554955512053,
  "optuna": {
    "best_trial_number": 29,
    "best_cv_value": 0.26570364132784385,
    "fold1_val_rmse": 0.25648721632792837
  },
  "best_params": {
    "num_leaves": 27,
    "learning_rate": 0.014803649986340766,
    "min_child_samples": 39
  }
}