{
  "run_timestamp": "2025-10-04T09:52:43+00:00",
  "cv": {
    "scores": [
      0.223188551294251,
      0.24201112999879265,
      0.22678665511720897,
      0.23152179538801432,
      0.2313166856123198
    ],
    "mean": 0.23096496348211737,
    "std": 0.006330598901372243
  },
  "per_fold": {
    "fold_1": 0.223188551294251,
    "fold_2": 0.24201112999879265,
    "fold_3": 0.22678665511720897,
    "fold_4": 0.23152179538801432,
    "fold_5": 0.2313166856123198
  },
  "oof_rmse": 0.2310541116222042,
  "optuna": {
    "best_trial_number": 3,
    "best_cv_value": 0.23020251415962165,
    "fold1_val_rmse": 0.22299227222558002
  },
  "best_params": {
    "num_leaves": 48,
    "learning_rate": 0.010485387725194618,
    "min_child_samples": 49
  }
}