{
  "run_timestamp": "2025-10-04T08:55:00+00:00",
  "cv": {
    "scores": [
      0.22252676682146555,
      0.23969083813868403,
      0.226967784286997,
      0.23149745658996893,
      0.2327784081673644
    ],
    "mean": 0.23069225080089595,
    "std": 0.005770992331093784
  },
  "per_fold": {
    "fold_1": 0.22252676682146555,
    "fold_2": 0.23969083813868403,
    "fold_3": 0.226967784286997,
    "fold_4": 0.23149745658996893,
    "fold_5": 0.2327784081673644
  },
  "oof_rmse": 0.23076520942917333,
  "optuna": {
    "best_trial_number": 13,
    "best_cv_value": 0.2296908981039063,
    "fold1_val_rmse": 0.22212432879519126
  },
  "best_params": {
    "num_leaves": 10,
    "learning_rate": 0.03904595951984071,
    "min_child_samples": 41
  }
}