{
  "run_timestamp": "2025-10-03T02:42:02+00:00",
  "cv": {
    "scores": [
      0.24545657448624525,
      0.2641952598749671,
      0.2567315347261206,
      0.25629438491644546,
      0.2575440145800935
    ],
    "mean": 0.25604435371677436,
    "std": 0.006021993960134374
  },
  "per_fold": {
    "fold_1": 0.24545657448624525,
    "fold_2": 0.2641952598749671,
    "fold_3": 0.2567315347261206,
    "fold_4": 0.25629438491644546,
    "fold_5": 0.2575440145800935
  },
  "oof_rmse": 0.25611369866901784,
  "optuna": {
    "best_trial_number": 25,
    "best_cv_value": 0.2542335266184681,
    "fold1_val_rmse": 0.2446393469496235
  },
  "best_params": {
    "num_leaves": 22,
    "learning_rate": 0.012260297753726215,
    "min_child_samples": 32
  }
}