{
  "run_timestamp": "2025-10-03T11:58:34+00:00",
  "cv": {
    "scores": [
      0.23594155635176442,
      0.2564691806004443,
      0.24378594315625962,
      0.24677096533338266,
      0.24774357885749698
    ],
    "mean": 0.24614224485986957,
    "std": 0.006621349795223868
  },
  "per_fold": {
    "fold_1": 0.23594155635176442,
    "fold_2": 0.2564691806004443,
    "fold_3": 0.24378594315625962,
    "fold_4": 0.24677096533338266,
    "fold_5": 0.24774357885749698
  },
  "oof_rmse": 0.24623161771404625,
  "optuna": {
    "best_trial_number": 22,
    "best_cv_value": 0.24465707174933726,
    "fold1_val_rmse": 0.2347157497596529
  },
  "best_params": {
    "num_leaves": 50,
    "learning_rate": 0.012014350501711625,
    "min_child_samples": 45
  }
}