{
  "run_timestamp": "2025-10-04T05:51:43+00:00",
  "cv": {
    "scores": [
      0.2231153898538332,
      0.2402044850017874,
      0.22746984482951407,
      0.23333922183874786,
      0.23034981311790537
    ],
    "mean": 0.23089575092835757,
    "std": 0.005747903605327869
  },
  "per_fold": {
    "fold_1": 0.2231153898538332,
    "fold_2": 0.2402044850017874,
    "fold_3": 0.22746984482951407,
    "fold_4": 0.23333922183874786,
    "fold_5": 0.23034981311790537
  },
  "oof_rmse": 0.23096850855898265,
  "optuna": {
    "best_trial_number": 22,
    "best_cv_value": 0.23029844277220746,
    "fold1_val_rmse": 0.22281756118906257
  },
  "best_params": {
    "num_leaves": 10,
    "learning_rate": 0.025005262987959694,
    "min_child_samples": 27
  }
}