{
  "run_timestamp": "2025-10-04T03:35:32+00:00",
  "cv": {
    "scores": [
      0.22372311518600607,
      0.23943518392325375,
      0.22676073047001588,
      0.23170921947026074,
      0.22972102879532413
    ],
    "mean": 0.23026985556897211,
    "std": 0.0053207140819947745
  },
  "per_fold": {
    "fold_1": 0.22372311518600607,
    "fold_2": 0.23943518392325375,
    "fold_3": 0.22676073047001588,
    "fold_4": 0.23170921947026074,
    "fold_5": 0.22972102879532413
  },
  "oof_rmse": 0.23033323509285475,
  "optuna": {
    "best_trial_number": 16,
    "best_cv_value": 0.2298885394800775,
    "fold1_val_rmse": 0.22333323821858483
  },
  "best_params": {
    "num_leaves": 10,
    "learning_rate": 0.013660997654658653,
    "min_child_samples": 20
  }
}