{
  "run_timestamp": "2025-10-04T01:31:30+00:00",
  "cv": {
    "scores": [
      0.21788348591721524,
      0.24127511946408403,
      0.22827029143259928,
      0.22997584011711505,
      0.22874317439993108
    ],
    "mean": 0.2292295822661889,
    "std": 0.007423511312605434
  },
  "per_fold": {
    "fold_1": 0.21788348591721524,
    "fold_2": 0.24127511946408403,
    "fold_3": 0.22827029143259928,
    "fold_4": 0.22997584011711505,
    "fold_5": 0.22874317439993108
  },
  "oof_rmse": 0.22935047504580966,
  "gating": {
    "threshold": 0.28,
    "auc": 0.8756321234673571,
    "average_precision": 0.46385683268892464
  }
}