{
  "run_timestamp": "2025-10-03T03:18:47+00:00",
  "cv": {
    "scores": [
      0.24287133841596895,
      0.2630403897645652,
      0.25325246181948896,
      0.25225210643772455,
      0.25506069766067757
    ],
    "mean": 0.253295398819685,
    "std": 0.006447208177100686
  },
  "per_fold": {
    "fold_1": 0.24287133841596895,
    "fold_2": 0.2630403897645652,
    "fold_3": 0.25325246181948896,
    "fold_4": 0.25225210643772455,
    "fold_5": 0.25506069766067757
  },
  "oof_rmse": 0.25337715656371596,
  "optuna": {
    "best_trial_number": 24,
    "best_cv_value": 0.2521607406491578,
    "fold1_val_rmse": 0.24231056515424929
  },
  "best_params": {
    "num_leaves": 16,
    "learning_rate": 0.016137220047603873,
    "min_child_samples": 28
  }
}