{
  "run_timestamp": "2025-10-03T01:27:03+00:00",
  "cv": {
    "scores": [
      0.2558879264971921,
      0.2756873963789181,
      0.2647622330963307,
      0.2641552115435116,
      0.2642288599175715
    ],
    "mean": 0.2649443254867048,
    "std": 0.006302375493208196
  },
  "per_fold": {
    "fold_1": 0.2558879264971921,
    "fold_2": 0.2756873963789181,
    "fold_3": 0.2647622330963307,
    "fold_4": 0.2641552115435116,
    "fold_5": 0.2642288599175715
  },
  "oof_rmse": 0.2650205159396073,
  "optuna": {
    "best_trial_number": 29,
    "best_cv_value": 0.26570364132784385,
    "fold1_val_rmse": 0.25648721632792837
  },
  "best_params": {
    "num_leaves": 27,
    "learning_rate": 0.014803649986340766,
    "min_child_samples": 39
  }
}