{
  "run_timestamp": "2025-10-03T03:00:18+00:00",
  "cv": {
    "scores": [
      0.24277226420662834,
      0.2628231855057725,
      0.2530665689946635,
      0.25167515655866723,
      0.2544281182734693
    ],
    "mean": 0.2529530587078402,
    "std": 0.006401401391779713
  },
  "per_fold": {
    "fold_1": 0.24277226420662834,
    "fold_2": 0.2628231855057725,
    "fold_3": 0.2530665689946635,
    "fold_4": 0.25167515655866723,
    "fold_5": 0.2544281182734693
  },
  "oof_rmse": 0.2530339951068731,
  "optuna": {
    "best_trial_number": 22,
    "best_cv_value": 0.25218050265209896,
    "fold1_val_rmse": 0.24241739458190764
  },
  "best_params": {
    "num_leaves": 22,
    "learning_rate": 0.01017665887131882,
    "min_child_samples": 44
  }
}