{
  "run_timestamp": "2025-10-04T13:13:51+00:00",
  "cv": {
    "scores": [
      0.23717081538902707,
      0.22862896456554974,
      0.2296195628250547,
      0.2249481224872121,
      0.23731231478073778
    ],
    "mean": 0.23153595600951626,
    "std": 0.004912039769608311
  },
  "per_fold": {
    "fold_1": 0.23717081538902707,
    "fold_2": 0.22862896456554974,
    "fold_3": 0.2296195628250547,
    "fold_4": 0.2249481224872121,
    "fold_5": 0.23731231478073778
  },
  "oof_rmse": 0.2315887085004208,
  "optuna": {
    "best_trial_number": 23,
    "best_cv_value": 0.23126049668763562,
    "fold1_val_rmse": 0.23625271964020714
  },
  "best_params": {
    "num_leaves": 16,
    "learning_rate": 0.016445797628754,
    "min_child_samples": 14
  }
}