{
  "run_timestamp": "2025-10-02T13:00:37+00:00",
  "cv": {
    "scores": [
      0.25948273631625646,
      0.27855975111957065,
      0.2669520739524736,
      0.26965930894845536,
      0.2669952227553334
    ],
    "mean": 0.26832981861841787,
    "std": 0.006137902821963264
  },
  "per_fold": {
    "fold_1": 0.25948273631625646,
    "fold_2": 0.27855975111957065,
    "fold_3": 0.2669520739524736,
    "fold_4": 0.26965930894845536,
    "fold_5": 0.2669952227553334
  },
  "oof_rmse": 0.2684010842083868,
  "optuna": {
    "best_trial_number": 28,
    "best_cv_value": 0.2683315204627669,
    "fold1_val_rmse": 0.25948273631625646
  },
  "best_params": {
    "num_leaves": 10,
    "learning_rate": 0.013122623191913027,
    "min_child_samples": 20
  }
}