{
  "run_timestamp": "2025-10-03T09:47:09+00:00",
  "cv": {
    "scores": [
      0.2357892587428413,
      0.2566876483777841,
      0.2438643582744945,
      0.24704514137326536,
      0.24858314309400034
    ],
    "mean": 0.24639390997247715,
    "std": 0.00678284827855705
  },
  "per_fold": {
    "fold_1": 0.2357892587428413,
    "fold_2": 0.2566876483777841,
    "fold_3": 0.2438643582744945,
    "fold_4": 0.24704514137326536,
    "fold_5": 0.24858314309400034
  },
  "oof_rmse": 0.24648731151068437,
  "optuna": {
    "best_trial_number": 23,
    "best_cv_value": 0.24461744042822006,
    "fold1_val_rmse": 0.2351294723271919
  },
  "best_params": {
    "num_leaves": 24,
    "learning_rate": 0.013241006464097132,
    "min_child_samples": 41
  }
}