{
  "exp_id": "exp0034_moe_tree",
  "method": "Soft(τ=0.60)",
  "gate_auc": 0.9208038385234459,
  "gate_ap": 0.8573029010994994,
  "best_tau": 0.6,
  "best_threshold": null,
  "cv_scores": [
    0.23269161976188787,
    0.22398548798892315,
    0.22694602988858933,
    0.2165381145036658,
    0.2348181443597777
  ],
  "cv_mean": 0.22699587930056878,
  "cv_std": 0.0065124354187919165,
  "oof_score": 0.22708782082328755,
  "low_expert_score": 3.1622776601683795e-05,
  "high_expert_score": 0.392354205797782,
  "baseline_lgbm": 0.23153195917809272,
  "baseline_nnls": 0.2277920354754475,
  "baseline_isotonic": 0.2277920354754475,
  "improvement_vs_lgbm": 0.004444138354805172,
  "improvement_vs_nnls": 0.0007042146521599457,
  "improvement_vs_isotonic": 0.0007042146521599457
}