{
  "run_timestamp": "2025-10-05T01:19:55+00:00",
  "cv": {
    "scores": [
      0.23764763098037328,
      0.22814005601570508,
      0.23120176333454884,
      0.2244980619468756,
      0.2359087308255595
    ],
    "mean": 0.23147924862061245,
    "std": 0.004850431449889007
  },
  "per_fold": {
    "fold_1": 0.23764763098037328,
    "fold_2": 0.22814005601570508,
    "fold_3": 0.23120176333454884,
    "fold_4": 0.2244980619468756,
    "fold_5": 0.2359087308255595
  },
  "oof_rmse": 0.23153195917809272,
  "optuna": {
    "best_trial_number": 21,
    "best_cv_value": 0.23126911413533946,
    "fold1_val_rmse": 0.23647252018917853
  },
  "best_params": {
    "num_leaves": 11,
    "learning_rate": 0.016691046286121506,
    "min_child_samples": 20
  }
}