{
  "run_timestamp": "2025-10-04T14:10:10+00:00",
  "cv": {
    "scores": [
      0.24108005218844109,
      0.22781805061543436,
      0.23307528305134773,
      0.22317220742661553,
      0.2377731252434503
    ],
    "mean": 0.2325837437050578,
    "std": 0.006490722537124664
  },
  "per_fold": {
    "fold_1": 0.24108005218844109,
    "fold_2": 0.22781805061543436,
    "fold_3": 0.23307528305134773,
    "fold_4": 0.22317220742661553,
    "fold_5": 0.2377731252434503
  },
  "oof_rmse": 0.23267761576601903,
  "optuna": {
    "best_trial_number": 16,
    "best_cv_value": 0.23396096690016377,
    "fold1_val_rmse": 0.2409925394692588
  },
  "best_params": {
    "num_leaves": 11,
    "learning_rate": 0.03963495815266704,
    "min_child_samples": 22,
    "tweedie_variance_power": 1.1947181034804246
  }
}