{
  "exp_id": "exp0034_moe_tree",
  "method": "Hard(t=0.10)",
  "gate_auc": 0.921384949068515,
  "gate_ap": 0.8588023903136881,
  "best_tau": null,
  "best_threshold": 0.1,
  "cv_scores": [
    0.22882432502336347,
    0.21899902410138472,
    0.2227560971618921,
    0.21385570940048226,
    0.22816743744340137
  ],
  "cv_mean": 0.22252051862610478,
  "cv_std": 0.005642003315735433,
  "oof_score": 0.22259303020778753,
  "low_expert_score": 3.1622776601683795e-05,
  "high_expert_score": 0.3911765649627652,
  "baseline_lgbm": 0.23050800066250782,
  "baseline_nnls": 0.22735812795756488,
  "baseline_isotonic": 0.22735812795756488,
  "improvement_vs_lgbm": 0.007914970454720283,
  "improvement_vs_nnls": 0.004765097749777347,
  "improvement_vs_isotonic": 0.004765097749777347
}