{
  "run_timestamp": "2025-10-06T02:52:19+00:00",
  "cv": {
    "scores": [
      0.23741113730738153,
      0.22855452287859687,
      0.22855212766709032,
      0.22308555923227394,
      0.23510579556011824
    ],
    "mean": 0.2305418285290922,
    "std": 0.005128770676237958
  },
  "per_fold": {
    "fold_1": 0.23741113730738153,
    "fold_2": 0.22855452287859687,
    "fold_3": 0.22855212766709032,
    "fold_4": 0.22308555923227394,
    "fold_5": 0.23510579556011824
  },
  "oof_rmse": 0.23059974378645032,
  "optuna": {
    "best_trial_number": 21,
    "best_cv_value": 0.23101400154065074,
    "fold1_val_rmse": 0.23666724410397447
  },
  "best_params": {
    "num_leaves": 10,
    "learning_rate": 0.02335791590178569,
    "min_child_samples": 28
  }
}