{
  "exp_id": "exp0034_moe_tree",
  "method": "Hard(t=0.10)",
  "gate_auc": 0.9215646854159899,
  "gate_ap": 0.8592945384702533,
  "best_tau": null,
  "best_threshold": 0.1,
  "cv_scores": [
    0.2286023454934218,
    0.2194834067005293,
    0.22246424120110486,
    0.21365653171420068,
    0.22872892440863518
  ],
  "cv_mean": 0.22258708990357837,
  "cv_std": 0.005715037037519499,
  "oof_score": 0.2226605775226684,
  "low_expert_score": 3.1622776601683795e-05,
  "high_expert_score": 0.3911765649627652,
  "baseline_lgbm": 0.23059974378645032,
  "baseline_nnls": 0.22726053582589872,
  "baseline_isotonic": 0.22726053582589872,
  "improvement_vs_lgbm": 0.00793916626378191,
  "improvement_vs_nnls": 0.004599958303230317,
  "improvement_vs_isotonic": 0.004599958303230317
}