{
  "run_timestamp": "2025-10-05T13:15:17+00:00",
  "cv": {
    "scores": [
      0.237748528093059,
      0.22703316792714184,
      0.2284143449741804,
      0.2236620556618904,
      0.23536757781032827
    ],
    "mean": 0.23044513489332,
    "std": 0.005279124674319033
  },
  "per_fold": {
    "fold_1": 0.237748528093059,
    "fold_2": 0.22703316792714184,
    "fold_3": 0.2284143449741804,
    "fold_4": 0.2236620556618904,
    "fold_5": 0.23536757781032827
  },
  "oof_rmse": 0.23050800066250782,
  "optuna": {
    "best_trial_number": 26,
    "best_cv_value": 0.23090670014576695,
    "fold1_val_rmse": 0.23804068259865005
  },
  "best_params": {
    "num_leaves": 17,
    "learning_rate": 0.012952828728738824,
    "min_child_samples": 32
  }
}