{
  "run_timestamp": "2025-10-03T07:18:44+00:00",
  "cv": {
    "scores": [
      0.23545762569399048,
      0.2562584301821427,
      0.24275878384274263,
      0.24687445863615906,
      0.2480565689011535
    ],
    "mean": 0.2458811734512377,
    "std": 0.006808907148670245
  },
  "per_fold": {
    "fold_1": 0.23545762569399048,
    "fold_2": 0.2562584301821427,
    "fold_3": 0.24275878384274263,
    "fold_4": 0.24687445863615906,
    "fold_5": 0.2480565689011535
  },
  "oof_rmse": 0.24597567810139911,
  "optuna": {
    "best_trial_number": 24,
    "best_cv_value": 0.2444496801474945,
    "fold1_val_rmse": 0.2353291050103544
  },
  "best_params": {
    "num_leaves": 40,
    "learning_rate": 0.015116809107329161,
    "min_child_samples": 41
  }
}