{
  "run_timestamp": "2025-10-03T00:03:22+00:00",
  "cv": {
    "scores": [
      0.2575096367030471,
      0.2764929546195783,
      0.264830930184703,
      0.26589994992230553,
      0.2649439142461264
    ],
    "mean": 0.2659354771351521,
    "std": 0.0060771638275260165
  },
  "per_fold": {
    "fold_1": 0.2575096367030471,
    "fold_2": 0.2764929546195783,
    "fold_3": 0.264830930184703,
    "fold_4": 0.26589994992230553,
    "fold_5": 0.2649439142461264
  },
  "oof_rmse": 0.266006456043583,
  "optuna": {
    "best_trial_number": 22,
    "best_cv_value": 0.2662778405024428,
    "fold1_val_rmse": 0.2575096367030471
  },
  "best_params": {
    "num_leaves": 18,
    "learning_rate": 0.017336078690324108,
    "min_child_samples": 40
  }
}