{
  "run_timestamp": "2025-10-02T09:11:29+00:00",
  "cv": {
    "scores": [
      0.25986747127907744,
      0.28048638617517435,
      0.2663344053048077,
      0.26885960975090273,
      0.2681699931208616
    ],
    "mean": 0.2687435731261648,
    "std": 0.006675708058567023
  },
  "per_fold": {
    "fold_1": 0.25986747127907744,
    "fold_2": 0.28048638617517435,
    "fold_3": 0.2663344053048077,
    "fold_4": 0.26885960975090273,
    "fold_5": 0.2681699931208616
  },
  "oof_rmse": 0.2688285672195301,
  "optuna": {
    "best_trial_number": 7,
    "best_cv_value": 0.26889608758635314,
    "fold1_val_rmse": 0.25986747127907744
  },
  "best_params": {
    "num_leaves": 17,
    "learning_rate": 0.019594972058679168,
    "min_child_samples": 25
  }
}