{
  "run_timestamp": "2025-10-03T03:35:08+00:00",
  "cv": {
    "scores": [
      0.29169689847460156,
      0.3222658249955325,
      0.3059451398706706,
      0.30685811870298024,
      0.30389218310046556
    ],
    "mean": 0.3061316330288501,
    "std": 0.009739110936670575
  },
  "per_fold": {
    "fold_1": 0.29169689847460156,
    "fold_2": 0.3222658249955325,
    "fold_3": 0.3059451398706706,
    "fold_4": 0.30685811870298024,
    "fold_5": 0.30389218310046556
  },
  "oof_rmse": 0.30628791474858447,
  "optuna": {
    "best_trial_number": 24,
    "best_cv_value": 0.2521607406491578,
    "fold1_val_rmse": 0.24231056515424929
  },
  "best_params": {
    "num_leaves": 16,
    "learning_rate": 0.016137220047603873,
    "min_child_samples": 28
  }
}