{
  "exp_id": "exp0031_moe_tree",
  "method": "Soft(τ=0.60)",
  "gate_auc": 0.9206444574435224,
  "gate_ap": 0.85702829119891,
  "best_tau": 0.6,
  "best_threshold": null,
  "cv_scores": [
    0.23271492953020395,
    0.2240127574606483,
    0.22685970288372823,
    0.21660153389254663,
    0.2349075997614534
  ],
  "cv_mean": 0.22701930470571613,
  "cv_std": 0.006515521296440123,
  "oof_score": 0.22711129969128607,
  "low_expert_score": 3.1622776601683795e-05,
  "high_expert_score": 0.392354205797782,
  "baseline_lgbm": 0.2315596588159815,
  "baseline_nnls": 0.2275499657567776,
  "baseline_isotonic": 0.2275499657567776,
  "improvement_vs_lgbm": 0.0044483591246954335,
  "improvement_vs_nnls": 0.0004386660654915331,
  "improvement_vs_isotonic": 0.0004386660654915331
}