{
  "run_timestamp": "2025-10-03T07:42:27+00:00",
  "cv": {
    "scores": [
      0.23538950069180253,
      0.2562509528553646,
      0.2435947049614001,
      0.24697376500508572,
      0.24843550784850393
    ],
    "mean": 0.2461288862724314,
    "std": 0.006785971303270111
  },
  "per_fold": {
    "fold_1": 0.23538950069180253,
    "fold_2": 0.2562509528553646,
    "fold_3": 0.2435947049614001,
    "fold_4": 0.24697376500508572,
    "fold_5": 0.24843550784850393
  },
  "oof_rmse": 0.24622227592669574,
  "optuna": {
    "best_trial_number": 3,
    "best_cv_value": 0.24452012693704953,
    "fold1_val_rmse": 0.23462909744152746
  },
  "best_params": {
    "num_leaves": 48,
    "learning_rate": 0.010485387725194618,
    "min_child_samples": 49
  }
}