{
  "run_timestamp": "2025-10-04T00:18:02+00:00",
  "cv": {
    "scores": [
      0.23720442836714506,
      0.25883360958909896,
      0.2446974594834503,
      0.24634625984912029,
      0.2508951696728509
    ],
    "mean": 0.2475953853923331,
    "std": 0.007143060079407307
  },
  "per_fold": {
    "fold_1": 0.23720442836714506,
    "fold_2": 0.25883360958909896,
    "fold_3": 0.2446974594834503,
    "fold_4": 0.24634625984912029,
    "fold_5": 0.2508951696728509
  },
  "oof_rmse": 0.24769922802836725,
  "gating": {
    "threshold": 0.1,
    "auc": 0.8983511622685476,
    "average_precision": 0.811832454390647
  }
}